insert into PASSENGER (PASSENGER_ID, FIRST_NAME, LAST_NAME, ADDRESS, PHONE_NUMBER) values (1, 'Emelita', 'Bee', '43770 Reindahl Terrace', '268 631 9444');
insert into PASSENGER (PASSENGER_ID, FIRST_NAME, LAST_NAME, ADDRESS, PHONE_NUMBER) values (2, 'Onfroi', 'Haps', '6 Service Hill', '839 728 9276');
insert into PASSENGER (PASSENGER_ID, FIRST_NAME, LAST_NAME, ADDRESS, PHONE_NUMBER) values (3, 'Killie', 'Frunks', '1 American Ash Junction', '915 344 6031');
insert into PASSENGER (PASSENGER_ID, FIRST_NAME, LAST_NAME, ADDRESS, PHONE_NUMBER) values (4, 'Blaine', 'Reader', '4 Forest Run Trail', '773 138 8786');
insert into PASSENGER (PASSENGER_ID, FIRST_NAME, LAST_NAME, ADDRESS, PHONE_NUMBER) values (5, 'Angelle', 'Semonin', '77373 Mitchell Way', '817 742 7478');
insert into PASSENGER (PASSENGER_ID, FIRST_NAME, LAST_NAME, ADDRESS, PHONE_NUMBER) values (6, 'Olia', 'Darleston', '4 Eagan Park', '876 983 6994');
insert into PASSENGER (PASSENGER_ID, FIRST_NAME, LAST_NAME, ADDRESS, PHONE_NUMBER) values (7, 'Christalle', 'Fildery', '25 Sugar Avenue', '782 957 4512');
insert into PASSENGER (PASSENGER_ID, FIRST_NAME, LAST_NAME, ADDRESS, PHONE_NUMBER) values (8, 'Austina', 'Caird', '23523 Rieder Crossing', '892 631 6830');
insert into PASSENGER (PASSENGER_ID, FIRST_NAME, LAST_NAME, ADDRESS, PHONE_NUMBER) values (9, 'Constantine', 'Ghilardi', '7 Havey Place', '437 118 1316');
insert into PASSENGER (PASSENGER_ID, FIRST_NAME, LAST_NAME, ADDRESS, PHONE_NUMBER) values (10, 'Gabey', 'Ruckledge', '0017 Heffernan Street', '955 506 7464');
insert into PASSENGER (PASSENGER_ID, FIRST_NAME, LAST_NAME, ADDRESS, PHONE_NUMBER) values (11, 'Ira', 'Saile', '77614 Pearson Place', '242 421 7731');
insert into PASSENGER (PASSENGER_ID, FIRST_NAME, LAST_NAME, ADDRESS, PHONE_NUMBER) values (12, 'Modesta', 'Ondrich', '05564 Hallows Pass', '927 981 6375');
insert into PASSENGER (PASSENGER_ID, FIRST_NAME, LAST_NAME, ADDRESS, PHONE_NUMBER) values (13, 'Pietrek', 'Argile', '73 Gerald Place', '504 471 4398');
insert into PASSENGER (PASSENGER_ID, FIRST_NAME, LAST_NAME, ADDRESS, PHONE_NUMBER) values (14, 'Ophelie', 'Valdes', '79823 Menomonie Center', '575 671 6410');
insert into PASSENGER (PASSENGER_ID, FIRST_NAME, LAST_NAME, ADDRESS, PHONE_NUMBER) values (15, 'Andi', 'Jiggle', '2 Service Pass', '625 493 1831');
insert into PASSENGER (PASSENGER_ID, FIRST_NAME, LAST_NAME, ADDRESS, PHONE_NUMBER) values (16, 'Elfrieda', 'Genn', '600 Packers Crossing', '212 919 6068');
insert into PASSENGER (PASSENGER_ID, FIRST_NAME, LAST_NAME, ADDRESS, PHONE_NUMBER) values (17, 'Erwin', 'Leahair', '77 Lillian Place', '846 791 6134');
insert into PASSENGER (PASSENGER_ID, FIRST_NAME, LAST_NAME, ADDRESS, PHONE_NUMBER) values (18, 'Rubi', 'Precious', '00 Texas Junction', '225 669 9528');
insert into PASSENGER (PASSENGER_ID, FIRST_NAME, LAST_NAME, ADDRESS, PHONE_NUMBER) values (19, 'Bayard', 'Ozintsev', '444 Sunnyside Lane', '588 412 0335');
insert into PASSENGER (PASSENGER_ID, FIRST_NAME, LAST_NAME, ADDRESS, PHONE_NUMBER) values (20, 'Zared', 'Antonellini', '292 Longview Hill', '605 478 9224');
insert into PASSENGER (PASSENGER_ID, FIRST_NAME, LAST_NAME, ADDRESS, PHONE_NUMBER) values (21, 'Kristien', 'Gerrell', '15022 Declaration Court', '890 653 2380');
insert into PASSENGER (PASSENGER_ID, FIRST_NAME, LAST_NAME, ADDRESS, PHONE_NUMBER) values (22, 'Sarena', 'Kleanthous', '6 Reindahl Circle', '769 654 2459');
insert into PASSENGER (PASSENGER_ID, FIRST_NAME, LAST_NAME, ADDRESS, PHONE_NUMBER) values (23, 'Jakie', 'Haddick', '0209 Dryden Junction', '646 162 1947');
insert into PASSENGER (PASSENGER_ID, FIRST_NAME, LAST_NAME, ADDRESS, PHONE_NUMBER) values (24, 'Artemus', 'Maffetti', '38720 8th Drive', '566 699 5909');
insert into PASSENGER (PASSENGER_ID, FIRST_NAME, LAST_NAME, ADDRESS, PHONE_NUMBER) values (25, 'Ricard', 'Wingrove', '8839 Memorial Trail', '547 845 5160');
insert into PASSENGER (PASSENGER_ID, FIRST_NAME, LAST_NAME, ADDRESS, PHONE_NUMBER) values (26, 'Aileen', 'Heasly', '21 Monterey Junction', '415 776 2063');
insert into PASSENGER (PASSENGER_ID, FIRST_NAME, LAST_NAME, ADDRESS, PHONE_NUMBER) values (27, 'Yancey', 'McCourtie', '49070 Eagle Crest Plaza', '341 768 5494');
insert into PASSENGER (PASSENGER_ID, FIRST_NAME, LAST_NAME, ADDRESS, PHONE_NUMBER) values (28, 'Joycelin', 'Durgan', '8407 Amoth Terrace', '545 176 7263');
insert into PASSENGER (PASSENGER_ID, FIRST_NAME, LAST_NAME, ADDRESS, PHONE_NUMBER) values (29, 'Collin', 'Gossage', '93027 Kensington Way', '852 156 6968');
insert into PASSENGER (PASSENGER_ID, FIRST_NAME, LAST_NAME, ADDRESS, PHONE_NUMBER) values (30, 'Barret', 'Starford', '036 Lindbergh Parkway', '294 443 1470');
insert into PASSENGER (PASSENGER_ID, FIRST_NAME, LAST_NAME, ADDRESS, PHONE_NUMBER) values (31, 'Jean', 'Everil', '664 Gulseth Terrace', '121 600 0494');
insert into PASSENGER (PASSENGER_ID, FIRST_NAME, LAST_NAME, ADDRESS, PHONE_NUMBER) values (32, 'Murial', 'Larmor', '14928 4th Trail', '757 479 1896');
insert into PASSENGER (PASSENGER_ID, FIRST_NAME, LAST_NAME, ADDRESS, PHONE_NUMBER) values (33, 'Mara', 'Jarad', '907 7th Road', '820 332 6573');
insert into PASSENGER (PASSENGER_ID, FIRST_NAME, LAST_NAME, ADDRESS, PHONE_NUMBER) values (34, 'Oona', 'Karchowski', '34 Farwell Hill', '862 630 5281');
insert into PASSENGER (PASSENGER_ID, FIRST_NAME, LAST_NAME, ADDRESS, PHONE_NUMBER) values (35, 'Montgomery', 'Feltoe', '67 Monterey Alley', '116 989 1649');
insert into PASSENGER (PASSENGER_ID, FIRST_NAME, LAST_NAME, ADDRESS, PHONE_NUMBER) values (36, 'Nanci', 'Harty', '4219 Artisan Place', '407 929 5747');
insert into PASSENGER (PASSENGER_ID, FIRST_NAME, LAST_NAME, ADDRESS, PHONE_NUMBER) values (37, 'Klement', 'Buttrick', '71 Chinook Trail', '870 742 5642');
insert into PASSENGER (PASSENGER_ID, FIRST_NAME, LAST_NAME, ADDRESS, PHONE_NUMBER) values (38, 'Dulciana', 'Grocock', '07 Crest Line Road', '152 992 7546');
insert into PASSENGER (PASSENGER_ID, FIRST_NAME, LAST_NAME, ADDRESS, PHONE_NUMBER) values (39, 'Mechelle', 'Marcroft', '0 Hallows Court', '833 897 5903');
insert into PASSENGER (PASSENGER_ID, FIRST_NAME, LAST_NAME, ADDRESS, PHONE_NUMBER) values (40, 'Starr', 'Applegate', '42 Emmet Circle', '332 396 2147');
insert into PASSENGER (PASSENGER_ID, FIRST_NAME, LAST_NAME, ADDRESS, PHONE_NUMBER) values (41, 'Aigneis', 'Ivanchov', '98 Buena Vista Hill', '501 420 7179');
insert into PASSENGER (PASSENGER_ID, FIRST_NAME, LAST_NAME, ADDRESS, PHONE_NUMBER) values (42, 'Corrinne', 'Smyley', '8231 1st Road', '804 426 9330');
insert into PASSENGER (PASSENGER_ID, FIRST_NAME, LAST_NAME, ADDRESS, PHONE_NUMBER) values (43, 'Louisette', 'Sames', '2125 Southridge Alley', '706 753 8536');
insert into PASSENGER (PASSENGER_ID, FIRST_NAME, LAST_NAME, ADDRESS, PHONE_NUMBER) values (44, 'Kristin', 'Hodgen', '3 Muir Drive', '774 152 0630');
insert into PASSENGER (PASSENGER_ID, FIRST_NAME, LAST_NAME, ADDRESS, PHONE_NUMBER) values (45, 'Birdie', 'McKeveney', '7608 Merrick Center', '528 470 8522');
insert into PASSENGER (PASSENGER_ID, FIRST_NAME, LAST_NAME, ADDRESS, PHONE_NUMBER) values (46, 'Kelsi', 'Piburn', '04694 Troy Pass', '657 215 3704');
insert into PASSENGER (PASSENGER_ID, FIRST_NAME, LAST_NAME, ADDRESS, PHONE_NUMBER) values (47, 'Talbot', 'Crippen', '31 Scoville Crossing', '133 304 4994');
insert into PASSENGER (PASSENGER_ID, FIRST_NAME, LAST_NAME, ADDRESS, PHONE_NUMBER) values (48, 'Mick', 'Percy', '337 Oxford Junction', '808 991 2626');
insert into PASSENGER (PASSENGER_ID, FIRST_NAME, LAST_NAME, ADDRESS, PHONE_NUMBER) values (49, 'Nerita', 'Alishoner', '4 Forest Run Trail', '111 218 7454');
insert into PASSENGER (PASSENGER_ID, FIRST_NAME, LAST_NAME, ADDRESS, PHONE_NUMBER) values (50, 'Eddy', 'Kelbie', '36 Susan Pass', '688 540 5973');
insert into PASSENGER (PASSENGER_ID, FIRST_NAME, LAST_NAME, ADDRESS, PHONE_NUMBER) values (51, 'Tandy', 'Coppledike', '6611 Eagan Court', '231 572 9415');
insert into PASSENGER (PASSENGER_ID, FIRST_NAME, LAST_NAME, ADDRESS, PHONE_NUMBER) values (52, 'Maryl', 'Yanshin', '7 Bluestem Place', '670 842 2351');
insert into PASSENGER (PASSENGER_ID, FIRST_NAME, LAST_NAME, ADDRESS, PHONE_NUMBER) values (53, 'Mira', 'Kleynen', '849 Riverside Park', '837 632 6653');
insert into PASSENGER (PASSENGER_ID, FIRST_NAME, LAST_NAME, ADDRESS, PHONE_NUMBER) values (54, 'Devy', 'Diamond', '28 Sachs Place', '823 158 2925');
insert into PASSENGER (PASSENGER_ID, FIRST_NAME, LAST_NAME, ADDRESS, PHONE_NUMBER) values (55, 'Joann', 'Boldecke', '00 Kipling Court', '916 341 8526');
insert into PASSENGER (PASSENGER_ID, FIRST_NAME, LAST_NAME, ADDRESS, PHONE_NUMBER) values (56, 'Sebastian', 'Peterken', '02068 Anniversary Drive', '832 461 9201');
insert into PASSENGER (PASSENGER_ID, FIRST_NAME, LAST_NAME, ADDRESS, PHONE_NUMBER) values (57, 'Derril', 'Mansbridge', '591 Forest Hill', '224 501 3056');
insert into PASSENGER (PASSENGER_ID, FIRST_NAME, LAST_NAME, ADDRESS, PHONE_NUMBER) values (58, 'Anastasie', 'Abeles', '29149 Sunfield Street', '297 348 6613');
insert into PASSENGER (PASSENGER_ID, FIRST_NAME, LAST_NAME, ADDRESS, PHONE_NUMBER) values (59, 'Domenico', 'Thorne', '48 5th Avenue', '727 770 8670');
insert into PASSENGER (PASSENGER_ID, FIRST_NAME, LAST_NAME, ADDRESS, PHONE_NUMBER) values (60, 'Fonsie', 'Hundy', '167 Brickson Park Road', '201 291 3587');
insert into PASSENGER (PASSENGER_ID, FIRST_NAME, LAST_NAME, ADDRESS, PHONE_NUMBER) values (61, 'Susann', 'Delhanty', '2 Stang Alley', '178 746 9504');
insert into PASSENGER (PASSENGER_ID, FIRST_NAME, LAST_NAME, ADDRESS, PHONE_NUMBER) values (62, 'Giorgi', 'Thredder', '04786 Golden Leaf Point', '843 363 0319');
insert into PASSENGER (PASSENGER_ID, FIRST_NAME, LAST_NAME, ADDRESS, PHONE_NUMBER) values (63, 'Gar', 'Roark', '67 Bonner Center', '152 892 3547');
insert into PASSENGER (PASSENGER_ID, FIRST_NAME, LAST_NAME, ADDRESS, PHONE_NUMBER) values (64, 'Art', 'Shires', '1294 Ludington Plaza', '141 346 0402');
insert into PASSENGER (PASSENGER_ID, FIRST_NAME, LAST_NAME, ADDRESS, PHONE_NUMBER) values (65, 'Erin', 'Coxhell', '5686 Beilfuss Plaza', '644 102 6190');
insert into PASSENGER (PASSENGER_ID, FIRST_NAME, LAST_NAME, ADDRESS, PHONE_NUMBER) values (66, 'Cynthy', 'Scotchmer', '3821 Dawn Road', '389 565 8557');
insert into PASSENGER (PASSENGER_ID, FIRST_NAME, LAST_NAME, ADDRESS, PHONE_NUMBER) values (67, 'Nichole', 'Metterick', '5 Rigney Court', '886 592 2199');
insert into PASSENGER (PASSENGER_ID, FIRST_NAME, LAST_NAME, ADDRESS, PHONE_NUMBER) values (68, 'Madalena', 'Larkcum', '68970 Forest Run Parkway', '352 544 0527');
insert into PASSENGER (PASSENGER_ID, FIRST_NAME, LAST_NAME, ADDRESS, PHONE_NUMBER) values (69, 'Crissie', 'Dybald', '386 Hanover Point', '621 109 9534');
insert into PASSENGER (PASSENGER_ID, FIRST_NAME, LAST_NAME, ADDRESS, PHONE_NUMBER) values (70, 'Benedetta', 'Ottee', '6 Farragut Way', '416 546 2919');
insert into PASSENGER (PASSENGER_ID, FIRST_NAME, LAST_NAME, ADDRESS, PHONE_NUMBER) values (71, 'Jolyn', 'Ghiron', '2 Barby Center', '383 736 7570');
insert into PASSENGER (PASSENGER_ID, FIRST_NAME, LAST_NAME, ADDRESS, PHONE_NUMBER) values (72, 'Arron', 'Nial', '3188 Hallows Center', '726 301 5798');
insert into PASSENGER (PASSENGER_ID, FIRST_NAME, LAST_NAME, ADDRESS, PHONE_NUMBER) values (73, 'Odilia', 'Johnikin', '63818 Sutherland Pass', '743 476 3400');
insert into PASSENGER (PASSENGER_ID, FIRST_NAME, LAST_NAME, ADDRESS, PHONE_NUMBER) values (74, 'Elsie', 'Bardwell', '3 Pleasure Street', '638 684 3156');
insert into PASSENGER (PASSENGER_ID, FIRST_NAME, LAST_NAME, ADDRESS, PHONE_NUMBER) values (75, 'Angelika', 'Padrick', '5 Bonner Alley', '380 844 3758');
insert into PASSENGER (PASSENGER_ID, FIRST_NAME, LAST_NAME, ADDRESS, PHONE_NUMBER) values (76, 'Kahlil', 'Counsell', '5070 Knutson Terrace', '625 858 7112');
insert into PASSENGER (PASSENGER_ID, FIRST_NAME, LAST_NAME, ADDRESS, PHONE_NUMBER) values (77, 'Micheal', 'Guyet', '947 Gulseth Court', '406 489 2696');
insert into PASSENGER (PASSENGER_ID, FIRST_NAME, LAST_NAME, ADDRESS, PHONE_NUMBER) values (78, 'Werner', 'Storrah', '9 Eastlawn Terrace', '976 740 0368');
insert into PASSENGER (PASSENGER_ID, FIRST_NAME, LAST_NAME, ADDRESS, PHONE_NUMBER) values (79, 'Pen', 'McGinty', '3797 Summit Terrace', '952 305 8339');
insert into PASSENGER (PASSENGER_ID, FIRST_NAME, LAST_NAME, ADDRESS, PHONE_NUMBER) values (80, 'Winslow', 'Fawke', '16106 Summerview Drive', '966 169 0119');
insert into PASSENGER (PASSENGER_ID, FIRST_NAME, LAST_NAME, ADDRESS, PHONE_NUMBER) values (81, 'Panchito', 'Conaghy', '2623 Lakewood Point', '190 702 7960');
insert into PASSENGER (PASSENGER_ID, FIRST_NAME, LAST_NAME, ADDRESS, PHONE_NUMBER) values (82, 'Nikolia', 'Eddicott', '7081 Dixon Lane', '927 750 9236');
insert into PASSENGER (PASSENGER_ID, FIRST_NAME, LAST_NAME, ADDRESS, PHONE_NUMBER) values (83, 'Seward', 'Brockwell', '0963 Lawn Plaza', '932 264 8892');
insert into PASSENGER (PASSENGER_ID, FIRST_NAME, LAST_NAME, ADDRESS, PHONE_NUMBER) values (84, 'Bil', 'Moxted', '5542 Summit Avenue', '174 672 5664');
insert into PASSENGER (PASSENGER_ID, FIRST_NAME, LAST_NAME, ADDRESS, PHONE_NUMBER) values (85, 'Angil', 'Schubert', '9 Meadow Vale Lane', '610 764 2270');
insert into PASSENGER (PASSENGER_ID, FIRST_NAME, LAST_NAME, ADDRESS, PHONE_NUMBER) values (86, 'Caspar', 'Barenskie', '5589 Valley Edge Hill', '213 504 6212');
insert into PASSENGER (PASSENGER_ID, FIRST_NAME, LAST_NAME, ADDRESS, PHONE_NUMBER) values (87, 'Adah', 'Trevaskus', '9 Anhalt Terrace', '259 584 5237');
insert into PASSENGER (PASSENGER_ID, FIRST_NAME, LAST_NAME, ADDRESS, PHONE_NUMBER) values (88, 'Cass', 'Tincknell', '9 Reindahl Plaza', '960 470 3909');
insert into PASSENGER (PASSENGER_ID, FIRST_NAME, LAST_NAME, ADDRESS, PHONE_NUMBER) values (89, 'Anatola', 'Binnie', '7127 Meadow Ridge Crossing', '733 277 1277');
insert into PASSENGER (PASSENGER_ID, FIRST_NAME, LAST_NAME, ADDRESS, PHONE_NUMBER) values (90, 'Emelita', 'Bethell', '11 Washington Point', '533 650 0407');
insert into PASSENGER (PASSENGER_ID, FIRST_NAME, LAST_NAME, ADDRESS, PHONE_NUMBER) values (91, 'Tisha', 'Fessler', '3 Scofield Park', '873 199 1684');
insert into PASSENGER (PASSENGER_ID, FIRST_NAME, LAST_NAME, ADDRESS, PHONE_NUMBER) values (92, 'Nelle', 'Spick', '77 Sugar Place', '762 204 2918');
insert into PASSENGER (PASSENGER_ID, FIRST_NAME, LAST_NAME, ADDRESS, PHONE_NUMBER) values (93, 'Fulvia', 'Keiling', '454 Lien Terrace', '865 157 2176');
insert into PASSENGER (PASSENGER_ID, FIRST_NAME, LAST_NAME, ADDRESS, PHONE_NUMBER) values (94, 'Stormi', 'Woodward', '20 Straubel Way', '889 794 9559');
insert into PASSENGER (PASSENGER_ID, FIRST_NAME, LAST_NAME, ADDRESS, PHONE_NUMBER) values (95, 'Lisle', 'Aireton', '520 Morrow Crossing', '277 152 7121');
insert into PASSENGER (PASSENGER_ID, FIRST_NAME, LAST_NAME, ADDRESS, PHONE_NUMBER) values (96, 'Ferris', 'Dunmore', '50579 Sunfield Crossing', '602 202 1347');
insert into PASSENGER (PASSENGER_ID, FIRST_NAME, LAST_NAME, ADDRESS, PHONE_NUMBER) values (97, 'Tabbitha', 'Longea', '858 Roth Point', '806 705 9186');
insert into PASSENGER (PASSENGER_ID, FIRST_NAME, LAST_NAME, ADDRESS, PHONE_NUMBER) values (98, 'Donn', 'Nerne', '5 4th Court', '853 242 5434');
insert into PASSENGER (PASSENGER_ID, FIRST_NAME, LAST_NAME, ADDRESS, PHONE_NUMBER) values (99, 'Suzy', 'Parkhouse', '8 Sheridan Hill', '636 584 0874');
insert into PASSENGER (PASSENGER_ID, FIRST_NAME, LAST_NAME, ADDRESS, PHONE_NUMBER) values (100, 'Sibylla', 'Lantiffe', '4361 Mayfield Terrace', '179 798 7991');
insert into PASSENGER (PASSENGER_ID, FIRST_NAME, LAST_NAME, ADDRESS, PHONE_NUMBER) values (101, 'Ben', 'Barbera', '01997 Coolidge Avenue', '431 801 6704');
insert into PASSENGER (PASSENGER_ID, FIRST_NAME, LAST_NAME, ADDRESS, PHONE_NUMBER) values (102, 'Kennedy', 'Janman', '2 Center Avenue', '134 479 8263');
insert into PASSENGER (PASSENGER_ID, FIRST_NAME, LAST_NAME, ADDRESS, PHONE_NUMBER) values (103, 'Claire', 'Schurig', '44 Dennis Point', '299 523 4361');
insert into PASSENGER (PASSENGER_ID, FIRST_NAME, LAST_NAME, ADDRESS, PHONE_NUMBER) values (104, 'Mycah', 'Caslake', '3 Corry Lane', '426 313 9759');
insert into PASSENGER (PASSENGER_ID, FIRST_NAME, LAST_NAME, ADDRESS, PHONE_NUMBER) values (105, 'Philly', 'Gandley', '24306 Grasskamp Trail', '709 709 4536');
insert into PASSENGER (PASSENGER_ID, FIRST_NAME, LAST_NAME, ADDRESS, PHONE_NUMBER) values (106, 'Emmalynne', 'Shaw', '2574 Graedel Way', '386 360 6931');
insert into PASSENGER (PASSENGER_ID, FIRST_NAME, LAST_NAME, ADDRESS, PHONE_NUMBER) values (107, 'Cathe', 'Ryton', '59 Bluestem Circle', '939 646 2557');
insert into PASSENGER (PASSENGER_ID, FIRST_NAME, LAST_NAME, ADDRESS, PHONE_NUMBER) values (108, 'Jennie', 'Guillou', '9533 Eagan Parkway', '424 237 1460');
insert into PASSENGER (PASSENGER_ID, FIRST_NAME, LAST_NAME, ADDRESS, PHONE_NUMBER) values (109, 'Shurwood', 'Vasilik', '3576 Heffernan Junction', '356 460 2455');
insert into PASSENGER (PASSENGER_ID, FIRST_NAME, LAST_NAME, ADDRESS, PHONE_NUMBER) values (110, 'Laurence', 'Addicote', '3144 Ridgeway Court', '831 310 2926');
insert into PASSENGER (PASSENGER_ID, FIRST_NAME, LAST_NAME, ADDRESS, PHONE_NUMBER) values (111, 'Audrie', 'Ashtonhurst', '98071 Hooker Circle', '737 946 0794');
insert into PASSENGER (PASSENGER_ID, FIRST_NAME, LAST_NAME, ADDRESS, PHONE_NUMBER) values (112, 'Chev', 'Vuitte', '1 Monument Crossing', '910 698 2070');
insert into PASSENGER (PASSENGER_ID, FIRST_NAME, LAST_NAME, ADDRESS, PHONE_NUMBER) values (113, 'Traci', 'Sones', '3 Tomscot Trail', '975 551 3043');
insert into PASSENGER (PASSENGER_ID, FIRST_NAME, LAST_NAME, ADDRESS, PHONE_NUMBER) values (114, 'Mame', 'Klejin', '0 Northfield Pass', '334 158 2450');
insert into PASSENGER (PASSENGER_ID, FIRST_NAME, LAST_NAME, ADDRESS, PHONE_NUMBER) values (115, 'Goober', 'Stilliard', '48446 Dovetail Avenue', '590 203 7228');
insert into PASSENGER (PASSENGER_ID, FIRST_NAME, LAST_NAME, ADDRESS, PHONE_NUMBER) values (116, 'Trenna', 'Powling', '7375 Dunning Point', '265 118 2621');
insert into PASSENGER (PASSENGER_ID, FIRST_NAME, LAST_NAME, ADDRESS, PHONE_NUMBER) values (117, 'Caesar', 'Aleso', '8216 Derek Road', '297 347 5300');
insert into PASSENGER (PASSENGER_ID, FIRST_NAME, LAST_NAME, ADDRESS, PHONE_NUMBER) values (118, 'Hymie', 'Seiter', '9 Pleasure Hill', '361 484 2217');
insert into PASSENGER (PASSENGER_ID, FIRST_NAME, LAST_NAME, ADDRESS, PHONE_NUMBER) values (119, 'Tasha', 'Flancinbaum', '5436 Springview Junction', '744 172 6745');
insert into PASSENGER (PASSENGER_ID, FIRST_NAME, LAST_NAME, ADDRESS, PHONE_NUMBER) values (120, 'Tiffie', 'Huke', '52 Lien Pass', '660 182 6204');
insert into PASSENGER (PASSENGER_ID, FIRST_NAME, LAST_NAME, ADDRESS, PHONE_NUMBER) values (121, 'Boyce', 'Ludford', '374 Farwell Trail', '921 130 5769');
insert into PASSENGER (PASSENGER_ID, FIRST_NAME, LAST_NAME, ADDRESS, PHONE_NUMBER) values (122, 'Sebastien', 'Fey', '82897 Gina Drive', '354 824 2080');
insert into PASSENGER (PASSENGER_ID, FIRST_NAME, LAST_NAME, ADDRESS, PHONE_NUMBER) values (123, 'Aleksandr', 'Northin', '51220 Prairie Rose Parkway', '451 269 7301');
insert into PASSENGER (PASSENGER_ID, FIRST_NAME, LAST_NAME, ADDRESS, PHONE_NUMBER) values (124, 'Shay', 'Boggas', '4342 South Crossing', '260 173 6326');
insert into PASSENGER (PASSENGER_ID, FIRST_NAME, LAST_NAME, ADDRESS, PHONE_NUMBER) values (125, 'Taryn', 'Drysdall', '556 Talmadge Lane', '901 893 0539');
insert into PASSENGER (PASSENGER_ID, FIRST_NAME, LAST_NAME, ADDRESS, PHONE_NUMBER) values (126, 'Ezmeralda', 'Dockrey', '6310 Havey Road', '569 552 9694');
insert into PASSENGER (PASSENGER_ID, FIRST_NAME, LAST_NAME, ADDRESS, PHONE_NUMBER) values (127, 'Samson', 'Screach', '34261 Rutledge Junction', '701 172 1058');
insert into PASSENGER (PASSENGER_ID, FIRST_NAME, LAST_NAME, ADDRESS, PHONE_NUMBER) values (128, 'Electra', 'Bingall', '1 Waubesa Alley', '734 554 1272');
insert into PASSENGER (PASSENGER_ID, FIRST_NAME, LAST_NAME, ADDRESS, PHONE_NUMBER) values (129, 'Ali', 'De Stoop', '30 Dawn Way', '321 873 4949');
insert into PASSENGER (PASSENGER_ID, FIRST_NAME, LAST_NAME, ADDRESS, PHONE_NUMBER) values (130, 'Gary', 'Loeber', '19 Autumn Leaf Park', '324 316 0061');
insert into PASSENGER (PASSENGER_ID, FIRST_NAME, LAST_NAME, ADDRESS, PHONE_NUMBER) values (131, 'Nat', 'Scotson', '35 Truax Center', '912 843 3567');
insert into PASSENGER (PASSENGER_ID, FIRST_NAME, LAST_NAME, ADDRESS, PHONE_NUMBER) values (132, 'Hernando', 'Bywaters', '0 Mandrake Circle', '401 908 4360');
insert into PASSENGER (PASSENGER_ID, FIRST_NAME, LAST_NAME, ADDRESS, PHONE_NUMBER) values (133, 'Ole', 'Exon', '76812 Sycamore Plaza', '726 178 1296');
insert into PASSENGER (PASSENGER_ID, FIRST_NAME, LAST_NAME, ADDRESS, PHONE_NUMBER) values (134, 'Cookie', 'Parmer', '891 Oakridge Pass', '450 443 3998');
insert into PASSENGER (PASSENGER_ID, FIRST_NAME, LAST_NAME, ADDRESS, PHONE_NUMBER) values (135, 'Othilia', 'McKeady', '0 Annamark Crossing', '554 948 5399');
insert into PASSENGER (PASSENGER_ID, FIRST_NAME, LAST_NAME, ADDRESS, PHONE_NUMBER) values (136, 'Perla', 'Bush', '7 Independence Drive', '877 360 0094');
insert into PASSENGER (PASSENGER_ID, FIRST_NAME, LAST_NAME, ADDRESS, PHONE_NUMBER) values (137, 'Abbot', 'Flucker', '6815 American Point', '818 558 8753');
insert into PASSENGER (PASSENGER_ID, FIRST_NAME, LAST_NAME, ADDRESS, PHONE_NUMBER) values (138, 'Burty', 'Ludlamme', '581 Messerschmidt Terrace', '729 958 4408');
insert into PASSENGER (PASSENGER_ID, FIRST_NAME, LAST_NAME, ADDRESS, PHONE_NUMBER) values (139, 'Powell', 'Vasyutin', '1885 Hanson Way', '415 449 2821');
insert into PASSENGER (PASSENGER_ID, FIRST_NAME, LAST_NAME, ADDRESS, PHONE_NUMBER) values (140, 'Ninette', 'Ventura', '751 Upham Park', '212 487 7640');
insert into PASSENGER (PASSENGER_ID, FIRST_NAME, LAST_NAME, ADDRESS, PHONE_NUMBER) values (141, 'Manolo', 'Tighe', '6718 Hazelcrest Road', '753 605 4538');
insert into PASSENGER (PASSENGER_ID, FIRST_NAME, LAST_NAME, ADDRESS, PHONE_NUMBER) values (142, 'Anya', 'Stango', '9 Warbler Place', '698 834 6863');
insert into PASSENGER (PASSENGER_ID, FIRST_NAME, LAST_NAME, ADDRESS, PHONE_NUMBER) values (143, 'Munroe', 'Scritch', '87 Ohio Circle', '205 611 0431');
insert into PASSENGER (PASSENGER_ID, FIRST_NAME, LAST_NAME, ADDRESS, PHONE_NUMBER) values (144, 'Filippa', 'Barnard', '2574 Glendale Circle', '557 135 1836');
insert into PASSENGER (PASSENGER_ID, FIRST_NAME, LAST_NAME, ADDRESS, PHONE_NUMBER) values (145, 'Ashton', 'Duff', '73651 Hallows Street', '109 614 7738');
insert into PASSENGER (PASSENGER_ID, FIRST_NAME, LAST_NAME, ADDRESS, PHONE_NUMBER) values (146, 'Travis', 'Broz', '7 Hallows Crossing', '331 578 4391');
insert into PASSENGER (PASSENGER_ID, FIRST_NAME, LAST_NAME, ADDRESS, PHONE_NUMBER) values (147, 'Reta', 'Lemmer', '28 Debra Avenue', '449 297 1610');
insert into PASSENGER (PASSENGER_ID, FIRST_NAME, LAST_NAME, ADDRESS, PHONE_NUMBER) values (148, 'Arvie', 'Locks', '25 Arapahoe Trail', '695 239 7998');
insert into PASSENGER (PASSENGER_ID, FIRST_NAME, LAST_NAME, ADDRESS, PHONE_NUMBER) values (149, 'Pat', 'Gilardengo', '9317 Golf Course Hill', '632 839 1295');
insert into PASSENGER (PASSENGER_ID, FIRST_NAME, LAST_NAME, ADDRESS, PHONE_NUMBER) values (150, 'Heidie', 'Cudmore', '5882 Garrison Pass', '345 181 9900');
insert into PASSENGER (PASSENGER_ID, FIRST_NAME, LAST_NAME, ADDRESS, PHONE_NUMBER) values (151, 'Nomi', 'Attow', '885 Calypso Lane', '117 300 7200');
insert into PASSENGER (PASSENGER_ID, FIRST_NAME, LAST_NAME, ADDRESS, PHONE_NUMBER) values (152, 'Aldridge', 'Shaylor', '2113 Montana Lane', '216 185 9239');
insert into PASSENGER (PASSENGER_ID, FIRST_NAME, LAST_NAME, ADDRESS, PHONE_NUMBER) values (153, 'Hardy', 'McCullouch', '180 Fisk Center', '290 818 3872');
insert into PASSENGER (PASSENGER_ID, FIRST_NAME, LAST_NAME, ADDRESS, PHONE_NUMBER) values (154, 'Roley', 'Carlsson', '40 Merry Point', '356 898 9073');
insert into PASSENGER (PASSENGER_ID, FIRST_NAME, LAST_NAME, ADDRESS, PHONE_NUMBER) values (155, 'Natalie', 'Guilloton', '2 8th Place', '940 371 4943');
insert into PASSENGER (PASSENGER_ID, FIRST_NAME, LAST_NAME, ADDRESS, PHONE_NUMBER) values (156, 'Nikolos', 'Ellington', '83284 Gerald Street', '432 334 2192');
insert into PASSENGER (PASSENGER_ID, FIRST_NAME, LAST_NAME, ADDRESS, PHONE_NUMBER) values (157, 'Andres', 'Stansbury', '30 Elka Court', '794 292 8486');
insert into PASSENGER (PASSENGER_ID, FIRST_NAME, LAST_NAME, ADDRESS, PHONE_NUMBER) values (158, 'Orland', 'Dittson', '20251 Graedel Junction', '179 752 9106');
insert into PASSENGER (PASSENGER_ID, FIRST_NAME, LAST_NAME, ADDRESS, PHONE_NUMBER) values (159, 'Carlos', 'Roxburch', '292 Morrow Parkway', '326 606 8089');
insert into PASSENGER (PASSENGER_ID, FIRST_NAME, LAST_NAME, ADDRESS, PHONE_NUMBER) values (160, 'Bendix', 'Merriday', '39 Clove Drive', '575 666 2803');
insert into PASSENGER (PASSENGER_ID, FIRST_NAME, LAST_NAME, ADDRESS, PHONE_NUMBER) values (161, 'Brannon', 'Itzig', '351 Farragut Circle', '515 946 5227');
insert into PASSENGER (PASSENGER_ID, FIRST_NAME, LAST_NAME, ADDRESS, PHONE_NUMBER) values (162, 'Anetta', 'Abendroth', '13004 Buell Crossing', '718 446 8602');
insert into PASSENGER (PASSENGER_ID, FIRST_NAME, LAST_NAME, ADDRESS, PHONE_NUMBER) values (163, 'Walsh', 'Gallihawk', '1769 Transport Center', '916 344 3239');
insert into PASSENGER (PASSENGER_ID, FIRST_NAME, LAST_NAME, ADDRESS, PHONE_NUMBER) values (164, 'Maxi', 'Pedlar', '9783 Kim Hill', '770 363 2995');
insert into PASSENGER (PASSENGER_ID, FIRST_NAME, LAST_NAME, ADDRESS, PHONE_NUMBER) values (165, 'Daron', 'Kupke', '524 Clemons Pass', '903 847 7700');
insert into PASSENGER (PASSENGER_ID, FIRST_NAME, LAST_NAME, ADDRESS, PHONE_NUMBER) values (166, 'Feliks', 'Hedan', '541 Prentice Drive', '727 199 6411');
insert into PASSENGER (PASSENGER_ID, FIRST_NAME, LAST_NAME, ADDRESS, PHONE_NUMBER) values (167, 'Marin', 'Bagge', '05 Mcguire Junction', '480 390 9420');
insert into PASSENGER (PASSENGER_ID, FIRST_NAME, LAST_NAME, ADDRESS, PHONE_NUMBER) values (168, 'Berrie', 'Enos', '1 Brown Road', '759 679 1652');
insert into PASSENGER (PASSENGER_ID, FIRST_NAME, LAST_NAME, ADDRESS, PHONE_NUMBER) values (169, 'Bentlee', 'Duggan', '126 John Wall Road', '757 947 8912');
insert into PASSENGER (PASSENGER_ID, FIRST_NAME, LAST_NAME, ADDRESS, PHONE_NUMBER) values (170, 'Junia', 'Sarson', '694 Gina Place', '174 730 1381');
insert into PASSENGER (PASSENGER_ID, FIRST_NAME, LAST_NAME, ADDRESS, PHONE_NUMBER) values (171, 'Lovell', 'Cheley', '76661 Meadow Valley Plaza', '442 442 3190');
insert into PASSENGER (PASSENGER_ID, FIRST_NAME, LAST_NAME, ADDRESS, PHONE_NUMBER) values (172, 'Gabriel', 'Eicke', '1446 Mcguire Street', '952 579 9380');
insert into PASSENGER (PASSENGER_ID, FIRST_NAME, LAST_NAME, ADDRESS, PHONE_NUMBER) values (173, 'Leon', 'Cassam', '853 Hooker Circle', '128 574 5990');
insert into PASSENGER (PASSENGER_ID, FIRST_NAME, LAST_NAME, ADDRESS, PHONE_NUMBER) values (174, 'Emmery', 'Fenna', '16238 Gulseth Junction', '400 660 4990');
insert into PASSENGER (PASSENGER_ID, FIRST_NAME, LAST_NAME, ADDRESS, PHONE_NUMBER) values (175, 'Wandis', 'Copello', '3393 Darwin Way', '516 494 5198');
insert into PASSENGER (PASSENGER_ID, FIRST_NAME, LAST_NAME, ADDRESS, PHONE_NUMBER) values (176, 'Glory', 'Stedman', '87 Vidon Lane', '524 189 1703');
insert into PASSENGER (PASSENGER_ID, FIRST_NAME, LAST_NAME, ADDRESS, PHONE_NUMBER) values (177, 'Barbey', 'Penticost', '806 Manufacturers Pass', '753 320 8897');
insert into PASSENGER (PASSENGER_ID, FIRST_NAME, LAST_NAME, ADDRESS, PHONE_NUMBER) values (178, 'Almire', 'Whittlesey', '9 Corben Street', '736 450 2671');
insert into PASSENGER (PASSENGER_ID, FIRST_NAME, LAST_NAME, ADDRESS, PHONE_NUMBER) values (179, 'Iormina', 'Woodvine', '6840 Forest Run Avenue', '800 811 4434');
insert into PASSENGER (PASSENGER_ID, FIRST_NAME, LAST_NAME, ADDRESS, PHONE_NUMBER) values (180, 'Jacobo', 'Wixon', '9038 Arizona Alley', '762 701 1432');
insert into PASSENGER (PASSENGER_ID, FIRST_NAME, LAST_NAME, ADDRESS, PHONE_NUMBER) values (181, 'Maggie', 'Hartopp', '9482 Golf Center', '994 505 5687');
insert into PASSENGER (PASSENGER_ID, FIRST_NAME, LAST_NAME, ADDRESS, PHONE_NUMBER) values (182, 'Ora', 'Harber', '068 Erie Circle', '741 257 6873');
insert into PASSENGER (PASSENGER_ID, FIRST_NAME, LAST_NAME, ADDRESS, PHONE_NUMBER) values (183, 'Hortense', 'Norrington', '3199 Brown Junction', '536 625 8261');
insert into PASSENGER (PASSENGER_ID, FIRST_NAME, LAST_NAME, ADDRESS, PHONE_NUMBER) values (184, 'Jillie', 'Hargey', '594 Straubel Point', '805 881 8599');
insert into PASSENGER (PASSENGER_ID, FIRST_NAME, LAST_NAME, ADDRESS, PHONE_NUMBER) values (185, 'Filmore', 'MacGaughey', '9 Walton Drive', '597 789 0146');
insert into PASSENGER (PASSENGER_ID, FIRST_NAME, LAST_NAME, ADDRESS, PHONE_NUMBER) values (186, 'Rachele', 'O''Hdirscoll', '8285 Bonner Drive', '194 161 9760');
insert into PASSENGER (PASSENGER_ID, FIRST_NAME, LAST_NAME, ADDRESS, PHONE_NUMBER) values (187, 'Lennie', 'Keates', '983 Logan Trail', '169 665 3903');
insert into PASSENGER (PASSENGER_ID, FIRST_NAME, LAST_NAME, ADDRESS, PHONE_NUMBER) values (188, 'Julienne', 'Luckham', '3 Jackson Hill', '489 384 4963');
insert into PASSENGER (PASSENGER_ID, FIRST_NAME, LAST_NAME, ADDRESS, PHONE_NUMBER) values (189, 'Baily', 'Leuchars', '83 Almo Place', '570 393 2268');
insert into PASSENGER (PASSENGER_ID, FIRST_NAME, LAST_NAME, ADDRESS, PHONE_NUMBER) values (190, 'Aveline', 'Lambe', '9 Farragut Way', '685 663 5015');
insert into PASSENGER (PASSENGER_ID, FIRST_NAME, LAST_NAME, ADDRESS, PHONE_NUMBER) values (191, 'Wright', 'Divell', '8 Annamark Drive', '199 448 4080');
insert into PASSENGER (PASSENGER_ID, FIRST_NAME, LAST_NAME, ADDRESS, PHONE_NUMBER) values (192, 'Claiborn', 'McComish', '8 Hanover Crossing', '611 310 9380');
insert into PASSENGER (PASSENGER_ID, FIRST_NAME, LAST_NAME, ADDRESS, PHONE_NUMBER) values (193, 'Raquela', 'Unitt', '116 Judy Way', '399 686 9658');
insert into PASSENGER (PASSENGER_ID, FIRST_NAME, LAST_NAME, ADDRESS, PHONE_NUMBER) values (194, 'Theodosia', 'Curado', '92 Derek Drive', '972 161 6640');
insert into PASSENGER (PASSENGER_ID, FIRST_NAME, LAST_NAME, ADDRESS, PHONE_NUMBER) values (195, 'Munmro', 'Dienes', '47246 Gateway Alley', '174 111 5882');
insert into PASSENGER (PASSENGER_ID, FIRST_NAME, LAST_NAME, ADDRESS, PHONE_NUMBER) values (196, 'Nester', 'Rains', '79857 Haas Junction', '145 818 9862');
insert into PASSENGER (PASSENGER_ID, FIRST_NAME, LAST_NAME, ADDRESS, PHONE_NUMBER) values (197, 'Heida', 'Lathee', '4926 Waxwing Parkway', '898 486 1731');
insert into PASSENGER (PASSENGER_ID, FIRST_NAME, LAST_NAME, ADDRESS, PHONE_NUMBER) values (198, 'Lebbie', 'Custard', '82 Monument Circle', '615 236 4319');
insert into PASSENGER (PASSENGER_ID, FIRST_NAME, LAST_NAME, ADDRESS, PHONE_NUMBER) values (199, 'Linell', 'Farquhar', '1 Atwood Drive', '614 971 7457');
insert into PASSENGER (PASSENGER_ID, FIRST_NAME, LAST_NAME, ADDRESS, PHONE_NUMBER) values (200, 'Val', 'Quinevan', '65 Nancy Circle', '597 252 3913');

insert into PLANE (PLANE_ID, MODEL) values (1, 'LZ325');
insert into PLANE (PLANE_ID, MODEL) values (2, 'GH030');
insert into PLANE (PLANE_ID, MODEL) values (3, 'KP187');
insert into PLANE (PLANE_ID, MODEL) values (4, 'XH649');
insert into PLANE (PLANE_ID, MODEL) values (5, 'YU293');
insert into PLANE (PLANE_ID, MODEL) values (6, 'MP275');
insert into PLANE (PLANE_ID, MODEL) values (7, 'IE954');
insert into PLANE (PLANE_ID, MODEL) values (8, 'CW026');
insert into PLANE (PLANE_ID, MODEL) values (9, 'LF720');
insert into PLANE (PLANE_ID, MODEL) values (10, 'VI979');
insert into PLANE (PLANE_ID, MODEL) values (11, 'MJ655');
insert into PLANE (PLANE_ID, MODEL) values (12, 'WD255');
insert into PLANE (PLANE_ID, MODEL) values (13, 'QT132');
insert into PLANE (PLANE_ID, MODEL) values (14, 'PV788');
insert into PLANE (PLANE_ID, MODEL) values (15, 'KU833');
insert into PLANE (PLANE_ID, MODEL) values (16, 'KJ153');
insert into PLANE (PLANE_ID, MODEL) values (17, 'SM112');
insert into PLANE (PLANE_ID, MODEL) values (18, 'OS396');
insert into PLANE (PLANE_ID, MODEL) values (19, 'GP859');
insert into PLANE (PLANE_ID, MODEL) values (20, 'XS710');
insert into PLANE (PLANE_ID, MODEL) values (21, 'FZ262');
insert into PLANE (PLANE_ID, MODEL) values (22, 'WR643');
insert into PLANE (PLANE_ID, MODEL) values (23, 'FW620');
insert into PLANE (PLANE_ID, MODEL) values (24, 'WF266');
insert into PLANE (PLANE_ID, MODEL) values (25, 'SQ323');
insert into PLANE (PLANE_ID, MODEL) values (26, 'UR418');
insert into PLANE (PLANE_ID, MODEL) values (27, 'DZ191');
insert into PLANE (PLANE_ID, MODEL) values (28, 'QH820');
insert into PLANE (PLANE_ID, MODEL) values (29, 'DG778');
insert into PLANE (PLANE_ID, MODEL) values (30, 'IG573');
insert into PLANE (PLANE_ID, MODEL) values (31, 'QX681');
insert into PLANE (PLANE_ID, MODEL) values (32, 'TP130');
insert into PLANE (PLANE_ID, MODEL) values (33, 'NO282');
insert into PLANE (PLANE_ID, MODEL) values (34, 'CR236');
insert into PLANE (PLANE_ID, MODEL) values (35, 'KN712');
insert into PLANE (PLANE_ID, MODEL) values (36, 'PT674');
insert into PLANE (PLANE_ID, MODEL) values (37, 'QM252');
insert into PLANE (PLANE_ID, MODEL) values (38, 'VC259');
insert into PLANE (PLANE_ID, MODEL) values (39, 'PJ495');
insert into PLANE (PLANE_ID, MODEL) values (40, 'EK655');
insert into PLANE (PLANE_ID, MODEL) values (41, 'UT180');
insert into PLANE (PLANE_ID, MODEL) values (42, 'NB196');
insert into PLANE (PLANE_ID, MODEL) values (43, 'WO323');
insert into PLANE (PLANE_ID, MODEL) values (44, 'NM822');
insert into PLANE (PLANE_ID, MODEL) values (45, 'QK072');
insert into PLANE (PLANE_ID, MODEL) values (46, 'CH152');
insert into PLANE (PLANE_ID, MODEL) values (47, 'ZP856');
insert into PLANE (PLANE_ID, MODEL) values (48, 'OQ080');
insert into PLANE (PLANE_ID, MODEL) values (49, 'IX420');
insert into PLANE (PLANE_ID, MODEL) values (50, 'OX132');

insert into RESERVATION (RESERVATION_ID, PASSENGER_ID, PLANE_ID, DATE) values (1, 1, 1, '2021-12-12');
insert into RESERVATION (RESERVATION_ID, PASSENGER_ID, PLANE_ID, DATE) values (2, 2, 2, '2021-12-28');
insert into RESERVATION (RESERVATION_ID, PASSENGER_ID, PLANE_ID, DATE) values (3, 3, 3, '2021-07-18');
insert into RESERVATION (RESERVATION_ID, PASSENGER_ID, PLANE_ID, DATE) values (4, 4, 4, '2021-09-25');
insert into RESERVATION (RESERVATION_ID, PASSENGER_ID, PLANE_ID, DATE) values (5, 5, 5, '2022-03-30');
insert into RESERVATION (RESERVATION_ID, PASSENGER_ID, PLANE_ID, DATE) values (6, 6, 6, '2022-05-20');
insert into RESERVATION (RESERVATION_ID, PASSENGER_ID, PLANE_ID, DATE) values (7, 7, 7, '2022-03-05');
insert into RESERVATION (RESERVATION_ID, PASSENGER_ID, PLANE_ID, DATE) values (8, 8, 8, '2021-07-02');
insert into RESERVATION (RESERVATION_ID, PASSENGER_ID, PLANE_ID, DATE) values (9, 9, 9, '2022-04-30');
insert into RESERVATION (RESERVATION_ID, PASSENGER_ID, PLANE_ID, DATE) values (10, 10, 10, '2021-12-01');
insert into RESERVATION (RESERVATION_ID, PASSENGER_ID, PLANE_ID, DATE) values (11, 11, 11, '2022-05-23');
insert into RESERVATION (RESERVATION_ID, PASSENGER_ID, PLANE_ID, DATE) values (12, 12, 12, '2022-05-27');
insert into RESERVATION (RESERVATION_ID, PASSENGER_ID, PLANE_ID, DATE) values (13, 13, 13, '2021-06-08');
insert into RESERVATION (RESERVATION_ID, PASSENGER_ID, PLANE_ID, DATE) values (14, 14, 14, '2022-03-15');
insert into RESERVATION (RESERVATION_ID, PASSENGER_ID, PLANE_ID, DATE) values (15, 15, 15, '2021-07-09');
insert into RESERVATION (RESERVATION_ID, PASSENGER_ID, PLANE_ID, DATE) values (16, 16, 16, '2022-01-21');
insert into RESERVATION (RESERVATION_ID, PASSENGER_ID, PLANE_ID, DATE) values (17, 17, 17, '2021-09-19');
insert into RESERVATION (RESERVATION_ID, PASSENGER_ID, PLANE_ID, DATE) values (18, 18, 18, '2021-06-21');
insert into RESERVATION (RESERVATION_ID, PASSENGER_ID, PLANE_ID, DATE) values (19, 19, 19, '2022-02-10');
insert into RESERVATION (RESERVATION_ID, PASSENGER_ID, PLANE_ID, DATE) values (20, 20, 20, '2022-05-25');

